informer,moment,proposed,proposed+moe
0.2771660422917495,0.2898083649419951,0.26338581409654455,0.2735648845773251
211.86042112751724,237.83403569447142,175.2089096087653,440.9727333241699
