informer,moment,proposed
2.4509563667488012,0.01657331083171773,0.7175221952768116
3542520.571500522,11.826302061459845,2305.376903813798
