informer,moment,proposed
0.09626331544299449,0.0734385307363973,0.059914489442363175
16558.14542084187,1390.2025889021575,995.2847888361615
