informer,moment,proposed
0.10033318408255482,0.07377523199151476,0.06333013252505455
2517.9905200924068,960.7528610565271,521.8914408817383
