informer,moment,proposed
0.06335460315233785,0.06534036337484889,0.05348377945088509
3273.363984697618,221.68260736579668,318.98785868520747
