informer,moment,proposed
0.08759173990604965,0.06591766627712266,0.049105082946133936
179.71450130382337,191.3535589814859,81.01831573282499
